{
  "releases": {
    "0.9.25": {
      "date": "2025-03-24",
      "notes": [
        "Support exporting annotations in markdown format",
        "Support importing TXT files",
        "Support setting reader language in the UI",
        "Add bottom action bar on mobile platforms",
        "Various fixes on layout settings and styles"
      ]
    },
    "0.9.23": {
      "date": "2025-03-19",
      "notes": [
        "Add options to show/hide header and footer",
        "Add responsive window size for popup footnotes",
        "Fix theme color not applied on Safari browsers",
        "Fix progress not updated to 100% when finished reading"
      ]
    },
    "0.9.22": {
      "date": "2025-03-16",
      "notes": [
        "Add theme color editor for more customization",
        "Add border frame for vertical layout",
        "Fix layout glitches on macOS in scroll mode",
        "Various fixes and enhancements on translator, footnote, and scrollbar"
      ]
    },
    "0.9.21": {
      "date": "2025-03-10",
      "notes": [
        "Fix column height in vertical layout on mobile",
        "Fix drag handle height not constant on mobile",
        "Add fullscreen option on desktop",
        "Add drag and drop to import books on desktop",
        "Various fixes and enhancements on updater, footerbar and note"
      ]
    },
    "0.9.20": {
      "date": "2025-03-10",
      "notes": [
        "Fix column height in vertical layout on mobile",
        "Fix drag handle height not constant on mobile",
        "Add fullscreen option on desktop",
        "Add drag and drop to import books on desktop",
        "Various fixes and enhancements on updater, footerbar and note"
      ]
    },
    "0.9.19": {
      "date": "2025-03-07",
      "notes": [
        "Support custom CSS for Reader UI",
        "Initial support of RTL layout for Arabic and Hebrew books",
        "Various fixes and enhancements on layout and sync"
      ]
    },
    "0.9.18": {
      "date": "2025-02-26",
      "notes": [
        "Add user profile page and option to delete account in the cloud",
        "Fix TTS failed to start with invalid book language",
        "Enhancements on iOS with modals and annotation tools",
        "UX enhancements with modern highlights colors"
      ]
    },
    "0.9.17": {
      "date": "2025-02-24",
      "notes": [
        "Add Arabic localization",
        "Add Dockerfile to selfhost",
        "Add safari-auth plugin for iOS OAuth",
        "UX enhancements for mobile platforms with haptics feedback and pull-down dismissal"
      ]
    },
    "0.9.15": {
      "date": "2025-02-21",
      "notes": [
        "Fix hardcoded font color from calibre",
        "Fix scroll to current TOC item when toggling sidebar",
        "Various fixes and enhancements on iOS platform"
      ]
    },
    "0.9.13": {
      "date": "2025-02-19",
      "notes": [
        "Add option to keep screen awake when reading",
        "Add shortcuts to notetaking UI",
        "UX enhancements of grid view in mobile platforms"
      ]
    },
    "0.9.11": {
      "date": "2025-02-14",
      "notes": [
        "Organize the library with customizable groups/folders",
        "Alpha release for Android and iOS platforms",
        "Various fixes and enhancements on Android and iOS platforms"
      ]
    },
    "0.9.10": {
      "date": "2025-02-08",
      "notes": [
        "Add options to adjust paragraph margin, word spacing, letter spacing, text indent and font weight",
        "Alpha release for Android and iOS platforms"
      ]
    },
    "0.9.9": {
      "date": "2025-02-06",
      "notes": [
        "Load system fonts list at runtime on desktop",
        "Incrementally load new books in synchronization",
        "Change voice language dynamically by detecting text language",
        "Various fixes and enhancements on sync, fonts and highlighting"
      ]
    },
    "0.9.8": {
      "date": "2025-02-01",
      "notes": [
        "Support cloud sync for book files",
        "Use larger font size on mobile devices for better reading experience",
        "Various fixes and enhancements on sync, rendering and settings"
      ]
    },
    "0.9.7": {
      "date": "2025-01-23",
      "notes": [
        "Support PWA for the web version",
        "Swipe up to toggle header/footer",
        "Various fixes and enhancements on updater, header bar and tts"
      ]
    },
    "0.9.6": {
      "date": "2025-01-18",
      "notes": ["Various enhancements for mobile platforms", "Fix DeepL translation API"]
    },
    "0.9.5": {
      "date": "2025-01-15",
      "notes": [
        "Various TTS related UX enhancements",
        "Add more system fonts as custom fonts",
        "Show reading progress in bookshelf"
      ]
    },
    "0.9.3": {
      "date": "2025-01-11",
      "notes": [
        "Hotfix occasionally current speak not stopped when changing voice or rate",
        "Inherit tts rate when changing tts engine"
      ]
    },
    "0.9.2": {
      "date": "2025-01-10",
      "notes": [
        "Support Text-to-Speech with Edge TTS and Web Speech API.",
        "Various fixes and enhancements."
      ]
    },
    "0.9.1": {
      "date": "2025-01-06",
      "notes": [
        "Restore window position and size when reopening app.",
        "Swap font when downloading online fonts.",
        "Fix layout issues on Windows and Linux."
      ]
    },
    "0.9.0": {
      "date": "2025-01-04",
      "notes": [
        "Better Custom CSS editor and OAuth process.",
        "Add vertical/horizontal switch for CJK books.",
        "Fix dropdown close overlay not working on Windows/Linux."
      ]
    },
    "0.8.9": {
      "date": "2025-01-02",
      "notes": [
        "Context menu on bookshelf for quick actions.",
        "Add more system fonts as custom fonts.",
        "Fix google and github login for native apps."
      ]
    },
    "0.8.8": {
      "date": "2024-12-29",
      "notes": [
        "Use readest binary name for better CLI interface.",
        "Some CSS tweaks to better support dark mode and embedded fonts."
      ]
    },
    "0.8.7": {
      "date": "2024-12-27",
      "notes": [
        "Support i18n/l10n with popular languages.",
        "Support information modal for book details.",
        "Various fixes and enhancements."
      ]
    },
    "0.8.6": {
      "date": "2024-12-25",
      "notes": [
        "Support back navigation in login page.",
        "Support context menu on book cover for desktop version.",
        "Resolve the issue with restoring footnotes and bookmarks after deletion."
      ]
    },
    "0.8.5": {
      "date": "2024-12-24",
      "notes": [
        "Support progress and notes sync across devices.",
        "Support for Non-ASCII characters in custom CSS.",
        "Support to disable click-to-flip."
      ]
    },
    "0.8.3": {
      "date": "2024-12-12",
      "notes": [
        "Support popover footnotes.",
        "Support left / right popover on vertical writing documents.",
        "Support loading additional fonts."
      ]
    },
    "0.8.2": {
      "date": "2024-12-06",
      "notes": [
        "Support file associations for one-click open with Readest.",
        "Support APP auto updater.",
        "Support online web version."
      ]
    },
    "0.7.9": {
      "date": "2024-12-01",
      "notes": [
        "Initial release with full functionality for ePub rendering.",
        "Support multi-book reading with Parallel Read."
      ]
    }
  }
}
